{"cameraMode":{"drawMode":0,"name":"Shaded","section":"Shading Mode"},"sceneLighting":false,"audioPlay":false,"sceneViewState":{"m_AlwaysRefresh":false,"showFog":true,"showSkybox":false,"showFlares":true,"showImageEffects":true,"showParticleSystems":true,"showVisualEffectGraphs":true,"m_FxEnabled":true},"in2DMode":false,"pivot":{"x":-22.899999618530275,"y":4.789999961853027,"z":31.139999389648439},"rotation":{"x":0.35824984312057497,"y":0.09499135613441467,"z":-0.036668553948402408,"w":0.9280567765235901},"size":0.4330126941204071,"orthographic":false}